x_km,y_km,radius_m,depth_m
1.2925653546462783,1.3056540227742168,500.996334480164215,5.133018519562502